fecha,valor
Ene.1992,19.7000136420206
Feb.1992,20.819387561701
Mar.1992,21.8852933108892
Abr.1992,22.6342492999077
May.1992,23.4096460651007
Jun.1992,24.7828483296811
Jul.1992,25.5928676565141
Ago.1992,26.3876438793628
Sep.1992,27.3421214210579
Oct.1992,28.2255090965626
Nov.1992,28.9267566122631
Dic.1992,29.8543530496714
Ene.1993,31.4401766491106
Feb.1993,32.1362788552637
Mar.1993,33.1923814154432
Abr.1993,34.0675606401894
May.1993,35.0677464837096
Jun.1993,36.1551921466281
Jul.1993,37.0160721309129
Ago.1993,38.8291331230272
Sep.1993,39.8007674716885
Oct.1993,40.3862709311631
Nov.1993,41.0672813440757
Dic.1993,42.9330617128018
Ene.1994,44.0560357215515
Feb.1994,45.0927601051806
Mar.1994,46.106410988258
Abr.1994,46.8457408553296
May.1994,47.6258511731626
Jun.1994,47.9647786373662
Jul.1994,48.6070995464758
Ago.1994,49.0951975153777
Sep.1994,49.6657681057816
Oct.1994,50.2506934817149
Nov.1994,50.7244052475035
Dic.1994,51.0867335651802
Ene.1995,51.5764324808317
Feb.1995,51.9019250001585
Mar.1995,52.6937840238923
Abr.1995,53.3782422660538
May.1995,53.9478513118627
Jun.1995,54.5210711897445
Jul.1995,55.0637083621052
Ago.1995,55.5049364666284
Sep.1995,55.8187914104636
Oct.1995,56.0779135610027
Nov.1995,56.4173856005054
Dic.1995,56.7678321416748
Ene.1996,57.0482530480208
Feb.1996,57.3295438522553
Mar.1996,58.150923976267
Abr.1996,58.6132353089738
May.1996,59.3102461456014
Jun.1996,60.7294978351582
Jul.1996,61.0164793931946
Ago.1996,61.3106833024999
Sep.1996,61.656926253372
Oct.1996,62.0410647322472
Nov.1996,62.6980861476393
Dic.1996,63.9169406653658
Ene.1997,64.5595359305445
Feb.1997,65.2935174274357
Mar.1997,65.7852570987973
Abr.1997,66.1140214694506
May.1997,66.3251312345128
Jun.1997,66.6305370832424
Jul.1997,66.8493359852231
Ago.1997,67.2037128707231
Sep.1997,67.4053296861176
Oct.1997,67.7218724266147
Nov.1997,67.8616344174218
Dic.1997,68.4783033815223
Ene.1998,68.7072104374174
Feb.1998,68.8363208744311
Mar.1998,69.439036887117
Abr.1998,69.6414436650753
May.1998,69.9901712532027
Jun.1998,70.4034334461428
Jul.1998,70.788454878246
Ago.1998,71.0355248890022
Sep.1998,71.3626757800146
Oct.1998,71.9628697072346
Nov.1998,72.3954744164171
Dic.1998,72.7621931786219
Ene.1999,73.2119003826275
Feb.1999,73.9882911193935
Mar.1999,74.6835589536693
Abr.1999,75.5200846458165
May.1999,76.0147260381761
Jun.1999,76.2596361918787
Jul.1999,76.6323054404301
Ago.1999,77.3794728302765
Sep.1999,78.0151670887723
Oct.1999,78.5928761711343
Nov.1999,79.0498874940619
Dic.1999,79.8814026843108
Ene.2000,80.2713210139541
Feb.2000,80.6550105723812
Mar.2000,81.0406206399698
Abr.2000,81.5973209324878
May.2000,81.7025023063349
Jun.2000,81.8780565412295
Jul.2000,82.2436117749261
Ago.2000,82.598080276844
Sep.2000,83.1712371684385
Oct.2000,83.6593247803391
Nov.2000,84.4815351781386
Dic.2000,84.9234549866174
Ene.2001,85.0876854322518
Feb.2001,85.1953186904846
Mar.2001,85.4959888865697
Abr.2001,85.6286689282684
May.2001,85.6857574087112
Jun.2001,85.8563586310097
Jul.2001,85.7799509965111
Ago.2001,85.5405568382928
Sep.2001,85.4290436247593
Oct.2001,85.2411708753466
Nov.2001,84.856463916598
Dic.2001,84.8508501205873
Ene.2002,84.6665043493111
Feb.2002,84.7204300530662
Mar.2002,84.9817376725368
Abr.2002,85.3969689883962
May.2002,85.5950578313075
Jun.2002,85.7176908052727
Jul.2002,85.9420703900964
Ago.2002,86.1531517414086
Sep.2002,86.6391268772885
Oct.2002,86.8152213057668
Nov.2002,86.9349934044384
Dic.2002,86.9194298934413
Ene.2003,86.9753452368046
Feb.2003,87.3290416906024
Mar.2003,89.1946491067425
Abr.2003,89.4670291515123
May.2003,89.2306826123623
Jun.2003,89.1303562483135
Jul.2003,89.148843720738
Ago.2003,89.2505450389876
Sep.2003,89.4502611806355
Oct.2003,89.4144784019581
Nov.2003,89.3408067382866
Dic.2003,89.5574623156882
Ene.2004,89.6260191497328
Feb.2004,89.8504310864201
Mar.2004,90.2033510954928
Abr.2004,90.2310038508604
May.2004,90.3319675466211
Jun.2004,90.4572582261767
Jul.2004,90.7051155583772
Ago.2004,90.8137599100629
Sep.2004,90.8932853199248
Oct.2004,91.3469409441202
Nov.2004,92.1728468158582
Dic.2004,92.2734255244427
Ene.2005,92.0591478090118
Feb.2005,91.9611701902567
Mar.2005,92.3541741582654
Abr.2005,92.4346736827388
May.2005,92.4403611403505
Jun.2005,92.4996782821658
Jul.2005,92.4946330090455
Ago.2005,92.7686160886542
Sep.2005,93.1905377698953
Oct.2005,93.426487998717
Nov.2005,93.6411458485445
Dic.2005,93.8909734092351
Ene.2006,93.8792539466648
Feb.2006,93.842618696383
Mar.2006,94.1598416592168
Abr.2006,94.3498910640365
May.2006,94.1264286545444
Jun.2006,94.0895459125065
Jul.2006,94.3831439269844
Ago.2006,94.5436771090961
Sep.2006,94.5528019522097
Oct.2006,94.387362609991
Nov.2006,94.3524145093933
Dic.2006,94.4643438693036
Ene.2007,94.3018048716519
Feb.2007,94.3518127647313
Mar.2007,94.549175308306
Abr.2007,94.6753006659412
May.2007,94.9524590809572
Jun.2007,95.4433290537918
Jul.2007,95.6381325649599
Ago.2007,95.7488649059189
Sep.2007,95.8406487603979
Oct.2007,95.9338690376183
Nov.2007,96.0517187885579
Dic.2007,96.3772432395781
Ene.2008,96.3020089808972
Feb.2008,96.3394368518359
Mar.2008,96.7094532032006
Abr.2008,96.791348710586
May.2008,96.7708926272646
Jun.2008,97.3259871960962
Jul.2008,97.7618517217299
Ago.2008,98.2425061083714
Sep.2008,98.9246969142632
Oct.2008,99.6238623644419
Nov.2008,100.11518402429
Dic.2008,100.100545453072
Ene.2009,99.4046659266753
Feb.2009,99.0142080503279
Mar.2009,99.47007654199
Abr.2009,99.5224833257514
May.2009,99.5534853126457
Jun.2009,99.5964495110832
Jul.2009,99.7508659392946
Ago.2009,99.607441218483
Sep.2009,99.6505095235997
Oct.2009,99.5396547955409
Nov.2009,99.6046463620197
Dic.2009,100.034508641816
Ene.2010,100.109942752388
Feb.2010,100.210311806516
Mar.2010,100.463863731386
Abr.2010,100.597727784389
May.2010,100.745715916766
Jun.2010,100.80150082012
Jul.2010,101.092229279902
Ago.2010,101.091944810729
Sep.2010,101.120589682565
Oct.2010,101.316627215129
Nov.2010,101.45466937896
Dic.2010,101.907801273599
Ene.2011,102.227017656707
Feb.2011,102.241524458881
Mar.2011,102.533788955713
Abr.2011,102.894519827614
May.2011,102.86021885955
Jun.2011,103.179733058888
Jul.2011,103.464729681922
Ago.2011,103.685439005564
Sep.2011,104.028029620815
Oct.2011,104.165732801595
Nov.2011,104.33800244428
Dic.2011,104.721556942077
Ene.2012,104.581688643746
Feb.2012,104.853511722896
Mar.2012,105.488581995948
Abr.2012,105.82205496414
May.2012,105.917988936417
Jun.2012,106.03446885151
Jul.2012,105.993129000096
Ago.2012,106.240326600843
Sep.2012,106.281980027659
Oct.2012,106.236230180426
Nov.2012,106.21880760943
Dic.2012,106.548220338983
Ene.2013,106.621335670408
Feb.2013,106.967813012575
Mar.2013,108.024540411025
Abr.2013,108.081495835075
May.2013,108.002091306725
Jun.2013,108.27657125398
Jul.2013,108.681596018396
Ago.2013,109.053362010742
Sep.2013,109.222679542019
Oct.2013,109.267395394462
Nov.2013,109.434356446789
Dic.2013,110.031624963818
Ene.2014,110.050248448204
Feb.2014,110.544691248834
Mar.2014,111.44532756569
Abr.2014,111.728610941369
May.2014,111.851282603801
Jun.2014,111.937409384749
Jul.2014,112.201727880873
Ago.2014,111.879011353038
Sep.2014,111.960657543499
Oct.2014,112.223177242466
Nov.2014,112.238328080275
Dic.2014,112.42446579616
Ene.2015,112.153413951693
Feb.2015,112.285676036407
Mar.2015,113.367525166436
Abr.2015,113.717588846364
May.2015,114.416757147911
Jun.2015,114.942098221465
Jul.2015,115.66175184125
Ago.2015,115.861019843695
Sep.2015,115.882497668285
Oct.2015,115.993427781173
Nov.2015,116.079258675586
Dic.2015,116.639826649085
Ene.2016,116.70585179944
Feb.2016,117.096892869778
Mar.2016,117.790059177307
Abr.2016,117.577250184929
May.2016,118.0367304538
Jun.2016,118.390974174251
Jul.2016,118.603550155984
Ago.2016,118.863547743865
Sep.2016,119.058367317403
Oct.2016,119.285627150806
Nov.2016,119.688799247419
Dic.2016,120.169752516644
Ene.2017,120.298982086
Feb.2017,120.248831730615
Mar.2017,121.142892612485
Abr.2017,121.234064258836
May.2017,121.061092046441
Jun.2017,121.10987521307
Jul.2017,121.27887112855
Ago.2017,121.860009648474
Sep.2017,122.010244267198
Oct.2017,122.038642459718
Nov.2017,122.24929131959
Dic.2017,122.678223072717
Ene.2018,122.660863216801
Feb.2018,123.094735792622
Mar.2018,124.074279098189
Abr.2018,124.106210561863
May.2018,124.110950696298
Jun.2018,124.457010420352
Jul.2018,124.821481844788
Ago.2018,124.952886180169
Sep.2018,125.015996848165
Oct.2018,125.136580580838
Nov.2018,125.209506480558
Dic.2018,125.569705882353
Ene.2019,125.764174733863
Feb.2019,125.987324638986
Mar.2019,127.150411989837
Abr.2019,127.280597562152
May.2019,127.480400572476
Jun.2019,127.505613964558
Jul.2019,127.685153249928
Ago.2019,127.718242369665
Sep.2019,127.684626764867
Oct.2019,128.116346283729
Nov.2019,128.339010709806
Dic.2019,128.712993921461
Ene.2020,128.78801466568
Feb.2020,128.854209468369
Mar.2020,129.291072749493
Abr.2020,129.493325024925
May.2020,129.454792397003
Jun.2020,129.544089827292
Jul.2020,129.678019007494
Ago.2020,129.831239507285
Sep.2020,130.045173994147
Oct.2020,130.154038529573
Nov.2020,130.52291367832
Dic.2020,131.02973900878
Ene.2021,131.410051780143
Feb.2021,131.686565947319
Mar.2021,132.595034573698
Abr.2021,132.910994275239
May.2021,132.95524876982
Jun.2021,133.409067635802
Jul.2021,134.306367188756
Ago.2021,135.268760492715
Sep.2021,135.421697970604
Oct.2021,136.263045379989
Nov.2021,136.994294053324
Dic.2021,138.121052005274
